"0",""
"0","for(i in 1:10000) {"
"0","  print(i)"
"0","  kin_image <- generate_pair(relationships)"
"0","  model %>% fit(kin_image$image_pair, "
"0","                kin_image$label, "
"0","                epochs = 1)"
"0","  "
"0","  if (i%%200 == 0) {"
"0","    message(""Generating Test Set"")"
"0","    n_samps <- 50"
"0","    result_vector <- vector(mode = ""logical"", length = n_samps)"
"0","    for(j in 1:n_samps) {"
"0","      kin_image <- generate_pair(relationships)"
"0","      actual = kin_image$label"
"0","      prediction = round(predict(model, kin_image$image_pair))"
"0","      result_vector[[j]] = prediction[[1]] == actual"
"0","    }"
"0","    message(""Test sample: "", sum(result_vector)/length(result_vector))"
"0","  }"
"0","  "
"0","}"
"1","[1]"
"1"," 1"
"1","
"
"1","Epoch 1/1
"
"1","1/1 [==============================]"
"1"," - 0s 368ms/step - loss: 0.4215 - acc: 1.0000
"
"1","[1]"
"1"," 2"
"1","
"
"1","Epoch 1/1
"
"1",""
"1","1/1 [==============================] - 0s 363ms/step - loss: 0.2761 - acc: 1.0000
"
"1","[1]"
"1"," 3"
"1","
"
"1","Epoch 1/1
"
"1","1/1 [==============================]"
"1"," - 0s 367ms/step - loss: 1.5476 - acc: 0.0000e+00
"
"1","[1]"
"1"," 4"
"1","
"
"1","Epoch 1/1
"
"1","1/1 [==============================]"
"1"," - 0s 358ms/step - loss: 1.1071 - acc: 0.0000e+00
"
"1","[1]"
"1"," 5"
"1","
"
"1","Epoch 1/1
"
"1","1/1 [==============================]"
"1"," - 0s 367ms/step - loss: 0.4716 - acc: 1.0000
"
"1","[1]"
"1"," 6"
"1","
"
"1","Epoch 1/1
"
"1","1/1 [==============================]"
"1"," - 0s 365ms/step - loss: 0.3956 - acc: 1.0000
"
"1","[1]"
"1"," 7"
"1","
"
"1","Epoch 1/1
"
"1","1/1 [==============================]"
"1"," - 0s 346ms/step - loss: 1.2903 - acc: 0.0000e+00
"
"1","[1]"
"1"," 8"
"1","
"
"1","Epoch 1/1
"
"1","1/1 [==============================]"
"1"," - 0s 357ms/step - loss: 0.4714 - acc: 1.0000
"
"1","[1]"
"1"," 9"
"1","
"
"1","Epoch 1/1
"
"1","1/1 [==============================]"
"1"," - 0s 371ms/step - loss: 1.0093 - acc: 0.0000e+00
"
"1","[1]"
"1"," 10"
"1","
"
"1","Epoch 1/1
"
"1","1/1 [==============================]"
"1"," - 0s 371ms/step - loss: 0.4877 - acc: 1.0000
"
"1","[1]"
"1"," 11"
"1","
"
"1","Epoch 1/1
"
"1","1/1 [==============================]"
"1"," - 0s 364ms/step - loss: 0.4313 - acc: 1.0000
"
"1","[1]"
"1"," 12"
"1","
"
"1","Epoch 1/1
"
"1","1/1 [==============================]"
"1"," - 0s 382ms/step - loss: 1.1147 - acc: 0.0000e+00
"
"1","[1]"
"1"," 13"
"1","
"
"1","Epoch 1/1
"
"1","1/1 [==============================]"
"1"," - 0s 366ms/step - loss: 0.8757 - acc: 0.0000e+00
"
"1","[1]"
"1"," 14"
"1","
"
"1","Epoch 1/1
"
"1","1/1 [==============================]"
"1"," - 0s 354ms/step - loss: 0.8435 - acc: 0.0000e+00
"
"1","[1]"
"1"," 15"
"1","
"
"1","Epoch 1/1
"
"1","1/1 [==============================]"
"1"," - 0s 356ms/step - loss: 0.5531 - acc: 1.0000
"
"1","[1]"
"1"," 16"
"1","
"
"1","Epoch 1/1
"
"1","1/1 [==============================]"
"1"," - 0s 387ms/step - loss: 0.8993 - acc: 0.0000e+00
"
"1","[1]"
"1"," 17"
"1","
"
"1","Epoch 1/1
"
"1","1/1 [==============================]"
"1"," - 0s 374ms/step - loss: 0.5616 - acc: 1.0000
"
"1","[1]"
"1"," 18"
"1","
"
"1","Epoch 1/1
"
"1","1/1 [==============================]"
"1"," - 0s 357ms/step - loss: 0.5225 - acc: 1.0000
"
"1","[1]"
"1"," 19"
"1","
"
"1","Epoch 1/1
"
"1","1/1 [==============================]"
"1"," - 0s 370ms/step - loss: 0.5202 - acc: 1.0000
"
"1","[1]"
"1"," 20"
"1","
"
"1","Epoch 1/1
"
"1",""
"1","1/1 [==============================] - 0s 385ms/step - loss: 0.9723 - acc: 0.0000e+00
"
"1","[1]"
"1"," 21"
"1","
"
"1","Epoch 1/1
"
"1",""
"1","1/1 [==============================] - 0s 380ms/step - loss: 0.8667 - acc: 0.0000e+00
"
"1","[1]"
"1"," 22"
"1","
"
"1","Epoch 1/1
"
"1","1/1 [==============================]"
"1"," - 0s 377ms/step - loss: 0.5872 - acc: 1.0000
"
"1","[1]"
"1"," 23"
"1","
"
"1","Epoch 1/1
"
"1","1/1 [==============================]"
"1"," - 0s 379ms/step - loss: 0.8614 - acc: 0.0000e+00
"
"1","[1]"
"1"," 24"
"1","
"
"1","Epoch 1/1
"
"1","1/1 [==============================]"
"1"," - 0s 374ms/step - loss: 0.7896 - acc: 0.0000e+00
"
"1","[1]"
"1"," 25"
"1","
"
"1","Epoch 1/1
"
"1","1/1 [==============================]"
"1"," - 0s 359ms/step - loss: 0.6284 - acc: 1.0000
"
"1","[1]"
"1"," 26"
"1","
"
"1","Epoch 1/1
"
"1","1/1 [==============================]"
"1"," - 0s 367ms/step - loss: 0.7935 - acc: 0.0000e+00
"
"1","[1]"
"1"," 27"
"1","
"
"1","Epoch 1/1
"
"1","1/1 [==============================]"
"1"," - 0s 379ms/step - loss: 0.7339 - acc: 0.0000e+00
"
"1","[1]"
"1"," 28"
"1","
"
"1","Epoch 1/1
"
"1","1/1 [==============================]"
"1"," - 0s 383ms/step - loss: 0.7165 - acc: 0.0000e+00
"
"1","[1]"
"1"," 29"
"1","
"
"1","Epoch 1/1
"
"1","1/1 [==============================]"
"1"," - 0s 385ms/step - loss: 0.6996 - acc: 0.0000e+00
"
"1","[1]"
"1"," 30"
"1","
"
"1","Epoch 1/1
"
"1","1/1 [==============================]"
"1"," - 0s 365ms/step - loss: 0.7315 - acc: 0.0000e+00
"
"1","[1]"
"1"," 31"
"1","
"
"1","Epoch 1/1
"
"1",""
"1","1/1 [==============================] - 0s 356ms/step - loss: 0.7190 - acc: 0.0000e+00
"
"1","[1]"
"1"," 32"
"1","
"
"1","Epoch 1/1
"
"1","1/1 [==============================]"
"1"," - 0s 367ms/step - loss: 0.7324 - acc: 0.0000e+00
"
"1","[1]"
"1"," 33"
"1","
"
"1","Epoch 1/1
"
"1","1/1 [==============================]"
"1"," - 0s 356ms/step - loss: 0.6961 - acc: 0.0000e+00
"
"1","[1]"
"1"," 34"
"1","
"
"1","Epoch 1/1
"
"1","1/1 [==============================]"
"1"," - 0s 365ms/step - loss: 0.6581 - acc: 1.0000
"
"1","[1]"
"1"," 35"
"1","
"
"1","Epoch 1/1
"
"1","1/1 [==============================]"
"1"," - 0s 362ms/step - loss: 0.7448 - acc: 0.0000e+00
"
"1","[1]"
"1"," 36"
"1","
"
"1","Epoch 1/1
"
"1","1/1 [==============================]"
"1"," - 0s 353ms/step - loss: 0.7091 - acc: 0.0000e+00
"
"1","[1]"
"1"," 37"
"1","
"
"1","Epoch 1/1
"
"1","1/1 [==============================]"
"1"," - 0s 356ms/step - loss: 0.7020 - acc: 0.0000e+00
"
"1","[1]"
"1"," 38"
"1","
"
"1","Epoch 1/1
"
"1","1/1 [==============================]"
"1"," - 0s 365ms/step - loss: 0.7132 - acc: 0.0000e+00
"
"1","[1]"
"1"," 39"
"1","
"
"1","Epoch 1/1
"
"1",""
"1","1/1 [==============================] - 0s 379ms/step - loss: 0.6935 - acc: 0.0000e+00
"
"1","[1]"
"1"," 40"
"1","
"
"1","Epoch 1/1
"
"1","1/1 [==============================]"
"1"," - 0s 377ms/step - loss: 0.6704 - acc: 1.0000
"
"1","[1]"
"1"," 41"
"1","
"
"1","Epoch 1/1
"
"1",""
"1","1/1 [==============================] - 0s 379ms/step - loss: 0.6645 - acc: 1.0000
"
"1","[1]"
"1"," 42"
"1","
"
"1","Epoch 1/1
"
"1","1/1 [==============================]"
"1"," - 0s 342ms/step - loss: 0.6319 - acc: 1.0000
"
"1","[1]"
"1"," 43"
"1","
"
"1","Epoch 1/1
"
"1",""
"1","1/1 [==============================] - 0s 370ms/step - loss: 0.5519 - acc: 1.0000
"
"1","[1]"
"1"," 44"
"1","
"
"1","Epoch 1/1
"
"1","1/1 [==============================]"
"1"," - 0s 353ms/step - loss: 0.9048 - acc: 0.0000e+00
"
"1","[1]"
"1"," 45"
"1","
"
"1","Epoch 1/1
"
"1","1/1 [==============================]"
"1"," - 0s 350ms/step - loss: 0.5764 - acc: 1.0000
"
"1","[1]"
"1"," 46"
"1","
"
"1","Epoch 1/1
"
"1","1/1 [==============================]"
"1"," - 0s 371ms/step - loss: 0.9084 - acc: 0.0000e+00
"
"1","[1]"
"1"," 47"
"1","
"
"1","Epoch 1/1
"
"1","1/1 [==============================]"
"1"," - 0s 377ms/step - loss: 0.5876 - acc: 1.0000
"
"1","[1]"
"1"," 48"
"1","
"
"1","Epoch 1/1
"
"1",""
"1","1/1 [==============================] - 0s 372ms/step - loss: 0.8207 - acc: 0.0000e+00
"
"1","[1]"
"1"," 49"
"1","
"
"1","Epoch 1/1
"
"1","1/1 [==============================]"
"1"," - 0s 354ms/step - loss: 0.6080 - acc: 1.0000
"
"1","[1]"
"1"," 50"
"1","
"
"1","Epoch 1/1
"
"1","1/1 [==============================]"
"1"," - 0s 393ms/step - loss: 0.8036 - acc: 0.0000e+00
"
"1","[1]"
"1"," 51"
"1","
"
"1","Epoch 1/1
"
"1","1/1 [==============================]"
"1"," - 0s 370ms/step - loss: 0.7898 - acc: 0.0000e+00
"
"1","[1]"
"1"," 52"
"1","
"
"1","Epoch 1/1
"
"1","1/1 [==============================]"
"1"," - 0s 382ms/step - loss: 0.7268 - acc: 0.0000e+00
"
"1","[1]"
"1"," 53"
"1","
"
"1","Epoch 1/1
"
"1","1/1 [==============================]"
"1"," - 0s 375ms/step - loss: 0.7134 - acc: 0.0000e+00
"
"1","[1]"
"1"," 54"
"1","
"
"1","Epoch 1/1
"
"1",""
"1","1/1 [==============================] - 0s 388ms/step - loss: 0.6962 - acc: 0.0000e+00
"
"1","[1]"
"1"," 55"
"1","
"
"1","Epoch 1/1
"
"1","1/1 [==============================]"
"1"," - 0s 363ms/step - loss: 0.6738 - acc: 1.0000
"
"1","[1]"
"1"," 56"
"1","
"
"1","Epoch 1/1
"
"1","1/1 [==============================]"
"1"," - 0s 359ms/step - loss: 0.7262 - acc: 0.0000e+00
"
"1","[1]"
"1"," 57"
"1","
"
"1","Epoch 1/1
"
"1","1/1 [==============================]"
"1"," - 0s 379ms/step - loss: 0.6753 - acc: 1.0000
"
"1","[1]"
"1"," 58"
"1","
"
"1","Epoch 1/1
"
"1","1/1 [==============================]"
"1"," - 0s 358ms/step - loss: 0.6571 - acc: 1.0000
"
"1","[1]"
"1"," 59"
"1","
"
"1","Epoch 1/1
"
"1",""
"1","1/1 [==============================] - 0s 365ms/step - loss: 0.7250 - acc: 0.0000e+00
"
"1","[1]"
"1"," 60"
"1","
"
"1","Epoch 1/1
"
"1","1/1 [==============================]"
"1"," - 0s 359ms/step - loss: 0.7340 - acc: 0.0000e+00
"
"1","[1]"
"1"," 61"
"1","
"
"1","Epoch 1/1
"
"1","1/1 [==============================]"
"1"," - 0s 368ms/step - loss: 0.6865 - acc: 1.0000
"
"1","[1]"
"1"," 62"
"1","
"
"1","Epoch 1/1
"
"1","1/1 [==============================]"
"1"," - 0s 357ms/step - loss: 0.7146 - acc: 0.0000e+00
"
"1","[1]"
"1"," 63"
"1","
"
"1","Epoch 1/1
"
"1","1/1 [==============================]"
"1"," - 0s 357ms/step - loss: 0.7174 - acc: 0.0000e+00
"
"1","[1]"
"1"," 64"
"1","
"
"1","Epoch 1/1
"
"1",""
"1","1/1 [==============================] - 0s 366ms/step - loss: 0.6923 - acc: 1.0000
"
"1","[1]"
"1"," 65"
"1","
"
"1","Epoch 1/1
"
"1","1/1 [==============================]"
"1"," - 0s 375ms/step - loss: 0.6888 - acc: 1.0000
"
"1","[1]"
"1"," 66"
"1","
"
"1","Epoch 1/1
"
"1","1/1 [==============================]"
"1"," - 0s 376ms/step - loss: 0.6710 - acc: 1.0000
"
"1","[1]"
"1"," 67"
"1","
"
"1","Epoch 1/1
"
"1",""
"1","1/1 [==============================] - 0s 372ms/step - loss: 0.7355 - acc: 0.0000e+00
"
"1","[1]"
"1"," 68"
"1","
"
"1","Epoch 1/1
"
"1","1/1 [==============================]"
"1"," - 0s 351ms/step - loss: 0.6602 - acc: 1.0000
"
"1","[1]"
"1"," 69"
"1","
"
"1","Epoch 1/1
"
"1","1/1 [==============================]"
"1"," - 0s 367ms/step - loss: 0.7581 - acc: 0.0000e+00
"
"1","[1]"
"1"," 70"
"1","
"
"1","Epoch 1/1
"
"1","1/1 [==============================]"
"1"," - 0s 371ms/step - loss: 0.7173 - acc: 0.0000e+00
"
"1","[1]"
"1"," 71"
"1","
"
"1","Epoch 1/1
"
"1","1/1 [==============================]"
"1"," - 0s 374ms/step - loss: 0.6883 - acc: 1.0000
"
"1","[1]"
"1"," 72"
"1","
"
"1","Epoch 1/1
"
"1",""
"1","1/1 [==============================] - 0s 366ms/step - loss: 0.6737 - acc: 1.0000
"
"1","[1]"
"1"," 73"
"1","
"
"1","Epoch 1/1
"
"1","1/1 [==============================]"
"1"," - 0s 357ms/step - loss: 0.7372 - acc: 0.0000e+00
"
"1","[1]"
"1"," 74"
"1","
"
"1","Epoch 1/1
"
"1",""
"1","1/1 [==============================] - 0s 361ms/step - loss: 0.7085 - acc: 0.0000e+00
"
"1","[1]"
"1"," 75"
"1","
"
"1","Epoch 1/1
"
"1","1/1 [==============================]"
"1"," - 0s 359ms/step - loss: 0.6972 - acc: 0.0000e+00
"
"1","[1]"
"1"," 76"
"1","
"
"1","Epoch 1/1
"
"1",""
"1","1/1 [==============================] - 0s 359ms/step - loss: 0.6981 - acc: 0.0000e+00
"
"1","[1]"
"1"," 77"
"1","
"
"1","Epoch 1/1
"
"1",""
"1","1/1 [==============================] - 0s 368ms/step - loss: 0.7084 - acc: 0.0000e+00
"
"1","[1]"
"1"," 78"
"1","
"
"1","Epoch 1/1
"
"1","1/1 [==============================]"
"1"," - 0s 351ms/step - loss: 0.6967 - acc: 0.0000e+00
"
"1","[1]"
"1"," 79"
"1","
"
"1","Epoch 1/1
"
"1","1/1 [==============================]"
"1"," - 0s 355ms/step - loss: 0.7130 - acc: 0.0000e+00
"
"1","[1]"
"1"," 80"
"1","
"
"1","Epoch 1/1
"
"1","1/1 [==============================]"
"1"," - 0s 344ms/step - loss: 0.6939 - acc: 0.0000e+00
"
"1","[1]"
"1"," 81"
"1","
"
"1","Epoch 1/1
"
"1","1/1 [==============================]"
"1"," - 0s 365ms/step - loss: 0.7068 - acc: 0.0000e+00
"
"1","[1]"
"1"," 82"
"1","
"
"1","Epoch 1/1
"
"1","1/1 [==============================]"
"1"," - 0s 360ms/step - loss: 0.6940 - acc: 0.0000e+00
"
"1","[1]"
"1"," 83"
"1","
"
"1","Epoch 1/1
"
"1","1/1 [==============================]"
"1"," - 0s 360ms/step - loss: 0.6903 - acc: 1.0000
"
"1","[1]"
"1"," 84"
"1","
"
"1","Epoch 1/1
"
"1","1/1 [==============================]"
"1"," - 0s 358ms/step - loss: 0.6897 - acc: 1.0000
"
"1","[1]"
"1"," 85"
"1","
"
"1","Epoch 1/1
"
"1","1/1 [==============================]"
"1"," - 0s 346ms/step - loss: 0.7187 - acc: 0.0000e+00
"
"1","[1]"
"1"," 86"
"1","
"
"1","Epoch 1/1
"
"1","1/1 [==============================]"
"1"," - 0s 368ms/step - loss: 0.6944 - acc: 0.0000e+00
"
"1","[1]"
"1"," 87"
"1","
"
"1","Epoch 1/1
"
"1","1/1 [==============================]"
"1"," - 0s 343ms/step - loss: 0.6736 - acc: 1.0000
"
"1","[1]"
"1"," 88"
"1","
"
"1","Epoch 1/1
"
"1","1/1 [==============================]"
"1"," - 0s 370ms/step - loss: 0.6473 - acc: 1.0000
"
"1","[1]"
"1"," 89"
"1","
"
"1","Epoch 1/1
"
"1",""
"1","1/1 [==============================] - 0s 375ms/step - loss: 0.8109 - acc: 0.0000e+00
"
"1","[1]"
"1"," 90"
"1","
"
"1","Epoch 1/1
"
"1","1/1 [==============================]"
"1"," - 0s 347ms/step - loss: 0.7202 - acc: 0.0000e+00
"
"1","[1]"
"1"," 91"
"1","
"
"1","Epoch 1/1
"
"1","1/1 [==============================]"
"1"," - 0s 384ms/step - loss: 0.6991 - acc: 0.0000e+00
"
"1","[1]"
"1"," 92"
"1","
"
"1","Epoch 1/1
"
"1","1/1 [==============================]"
"1"," - 0s 346ms/step - loss: 0.6919 - acc: 1.0000
"
"1","[1]"
"1"," 93"
"1","
"
"1","Epoch 1/1
"
"1","1/1 [==============================]"
"1"," - 0s 360ms/step - loss: 0.6759 - acc: 1.0000
"
"1","[1]"
"1"," 94"
"1","
"
"1","Epoch 1/1
"
"1","1/1 [==============================]"
"1"," - 0s 361ms/step - loss: 0.7206 - acc: 0.0000e+00
"
"1","[1]"
"1"," 95"
"1","
"
"1","Epoch 1/1
"
"1","1/1 [==============================]"
"1"," - 0s 355ms/step - loss: 0.6816 - acc: 1.0000
"
"1","[1]"
"1"," 96"
"1","
"
"1","Epoch 1/1
"
"1","1/1 [==============================]"
"1"," - 0s 355ms/step - loss: 0.7165 - acc: 0.0000e+00
"
"1","[1]"
"1"," 97"
"1","
"
"1","Epoch 1/1
"
"1","1/1 [==============================]"
"1"," - 0s 371ms/step - loss: 0.6790 - acc: 1.0000
"
"1","[1]"
"1"," 98"
"1","
"
"1","Epoch 1/1
"
"1","1/1 [==============================]"
"1"," - 0s 354ms/step - loss: 0.6795 - acc: 1.0000
"
"1","[1]"
"1"," 99"
"1","
"
"1","Epoch 1/1
"
"1","1/1 [==============================] - 0s 369ms/step - loss: 0.7331 - acc: 0.0000e+00
"
"1","[1]"
"1"," 100"
"1","
"
"1","Epoch 1/1
"
"1","1/1 [==============================]"
"1"," - 0s 368ms/step - loss: 0.6743 - acc: 1.0000
"
"1","[1]"
"1"," 101"
"1","
"
"1","Epoch 1/1
"
"1","1/1 [==============================]"
"1"," - 0s 363ms/step - loss: 0.7302 - acc: 0.0000e+00
"
"1","[1]"
"1"," 102"
"1","
"
"1","Epoch 1/1
"
"1",""
"1","1/1 [==============================] - 0s 367ms/step - loss: 0.6736 - acc: 1.0000
"
"1","[1]"
"1"," 103"
"1","
"
"1","Epoch 1/1
"
"1","1/1 [==============================]"
"1"," - 0s 381ms/step - loss: 0.6632 - acc: 1.0000
"
"1","[1]"
"1"," 104"
"1","
"
"1","Epoch 1/1
"
"1","1/1 [==============================]"
"1"," - 0s 352ms/step - loss: 0.6596 - acc: 1.0000
"
"1","[1]"
"1"," 105"
"1","
"
"1","Epoch 1/1
"
"1","1/1 [==============================]"
"1"," - 0s 367ms/step - loss: 0.8018 - acc: 0.0000e+00
"
"1","[1]"
"1"," 106"
"1","
"
"1","Epoch 1/1
"
"1","1/1 [==============================]"
"1"," - 0s 380ms/step - loss: 0.7429 - acc: 0.0000e+00
"
"1","[1]"
"1"," 107"
"1","
"
"1","Epoch 1/1
"
"1","1/1 [==============================]"
"1"," - 0s 359ms/step - loss: 0.6649 - acc: 1.0000
"
"1","[1]"
"1"," 108"
"1","
"
"1","Epoch 1/1
"
"1","1/1 [==============================]"
"1"," - 0s 364ms/step - loss: 0.6470 - acc: 1.0000
"
"1","[1]"
"1"," 109"
"1","
"
"1","Epoch 1/1
"
"1","1/1 [==============================]"
"1"," - 0s 355ms/step - loss: 0.7775 - acc: 0.0000e+00
"
"1","[1]"
"1"," 110"
"1","
"
"1","Epoch 1/1
"
"1","1/1 [==============================]"
"1"," - 0s 370ms/step - loss: 0.6584 - acc: 1.0000
"
"1","[1]"
"1"," 111"
"1","
"
"1","Epoch 1/1
"
"1","1/1 [==============================]"
"1"," - 0s 368ms/step - loss: 0.7460 - acc: 0.0000e+00
"
"1","[1]"
"1"," 112"
"1","
"
"1","Epoch 1/1
"
"1","1/1 [==============================]"
"1"," - 0s 360ms/step - loss: 0.6663 - acc: 1.0000
"
"1","[1]"
"1"," 113"
"1","
"
"1","Epoch 1/1
"
"1","1/1 [==============================]"
"1"," - 0s 350ms/step - loss: 0.6518 - acc: 1.0000
"
"1","[1]"
"1"," 114"
"1","
"
"1","Epoch 1/1
"
"1","1/1 [==============================]"
"1"," - 0s 370ms/step - loss: 0.7766 - acc: 0.0000e+00
"
"1","[1]"
"1"," 115"
"1","
"
"1","Epoch 1/1
"
"1","1/1 [==============================]"
"1"," - 0s 339ms/step - loss: 0.7283 - acc: 0.0000e+00
"
"1","[1]"
"1"," 116"
"1","
"
"1","Epoch 1/1
"
"1","1/1 [==============================]"
"1"," - 0s 356ms/step - loss: 0.7025 - acc: 0.0000e+00
"
"1","[1]"
"1"," 117"
"1","
"
"1","Epoch 1/1
"
"1",""
"1","1/1 [==============================] - 0s 360ms/step - loss: 0.7014 - acc: 0.0000e+00
"
"1","[1]"
"1"," 118"
"1","
"
"1","Epoch 1/1
"
"1","1/1 [==============================]"
"1"," - 0s 359ms/step - loss: 0.6767 - acc: 1.0000
"
"1","[1]"
"1"," 119"
"1","
"
"1","Epoch 1/1
"
"1",""
"1","[1]"
"1","1/1 [==============================] - 0s 363ms/step - loss: 0.6670 - acc: 1.0000
"
"1"," 120"
"1","
"
"1","Epoch 1/1
"
"1",""
"1","1/1 [==============================] - 0s 346ms/step - loss: 0.7394 - acc: 0.0000e+00
"
"1","[1]"
"1"," 121"
"1","
"
"1","Epoch 1/1
"
"1","1/1 [==============================]"
"1"," - 0s 363ms/step - loss: 0.7065 - acc: 0.0000e+00
"
"1","[1]"
"1"," 122"
"1","
"
"1","Epoch 1/1
"
"1","1/1 [==============================]"
"1"," - 0s 367ms/step - loss: 0.7049 - acc: 0.0000e+00
"
"1","[1]"
"1"," 123"
"1","
"
"1","Epoch 1/1
"
"1","1/1 [==============================]"
"1"," - 0s 382ms/step - loss: 0.7011 - acc: 0.0000e+00
"
"1","[1]"
"1"," 124"
"1","
"
"1","Epoch 1/1
"
"1","1/1 [==============================]"
"1"," - 0s 347ms/step - loss: 0.7023 - acc: 0.0000e+00
"
"1","[1]"
"1"," 125"
"1","
"
"1","Epoch 1/1
"
"1","1/1 [==============================]"
"1"," - 0s 377ms/step - loss: 0.7080 - acc: 0.0000e+00
"
"1","[1]"
"1"," 126"
"1","
"
"1","Epoch 1/1
"
"1","1/1 [==============================]"
"1"," - 0s 355ms/step - loss: 0.6998 - acc: 0.0000e+00
"
"1","[1]"
"1"," 127"
"1","
"
"1","Epoch 1/1
"
"1","1/1 [==============================]"
"1"," - 0s 363ms/step - loss: 0.6854 - acc: 1.0000
"
"1","[1]"
"1"," 128"
"1","
"
"1","Epoch 1/1
"
"1","1/1 [==============================]"
"1"," - 0s 370ms/step - loss: 0.7019 - acc: 0.0000e+00
"
"1","[1]"
"1"," 129"
"1","
"
"1","Epoch 1/1
"
"1","1/1 [==============================]"
"1"," - 0s 358ms/step - loss: 0.7196 - acc: 0.0000e+00
"
"1","[1]"
"1"," 130"
"1","
"
"1","Epoch 1/1
"
"1","1/1 [==============================]"
"1"," - 0s 372ms/step - loss: 0.6960 - acc: 0.0000e+00
"
"1","[1]"
"1"," 131"
"1","
"
"1","Epoch 1/1
"
"1",""
"1","1/1 [==============================] - 0s 360ms/step - loss: 0.6936 - acc: 0.0000e+00
"
"1","[1]"
"1"," 132"
"1","
"
"1","Epoch 1/1
"
"1","1/1 [==============================]"
"1"," - 0s 372ms/step - loss: 0.7076 - acc: 0.0000e+00
"
"1","[1]"
"1"," 133"
"1","
"
"1","Epoch 1/1
"
"1","1/1 [==============================]"
"1"," - 0s 368ms/step - loss: 0.7003 - acc: 0.0000e+00
"
"1","[1]"
"1"," 134"
"1","
"
"1","Epoch 1/1
"
"1","1/1 [==============================]"
"1"," - 0s 380ms/step - loss: 0.6996 - acc: 0.0000e+00
"
"1","[1]"
"1"," 135"
"1","
"
"1","Epoch 1/1
"
"1",""
"1","1/1 [==============================] - 0s 380ms/step - loss: 0.6934 - acc: 0.0000e+00
"
"1","[1]"
"1"," 136"
"1","
"
"1","Epoch 1/1
"
"1",""
"1","1/1 [==============================] - 0s 354ms/step - loss: 0.6945 - acc: 0.0000e+00
"
"1","[1]"
"1"," 137"
"1","
"
"1","Epoch 1/1
"
"1","1/1 [==============================]"
"1"," - 0s 359ms/step - loss: 0.6919 - acc: 1.0000
"
"1","[1]"
"1"," 138"
"1","
"
"1","Epoch 1/1
"
"1","1/1 [==============================]"
"1"," - 0s 364ms/step - loss: 0.7129 - acc: 0.0000e+00
"
"1","[1]"
"1"," 139"
"1","
"
"1","Epoch 1/1
"
"1","1/1 [==============================]"
"1"," - 0s 354ms/step - loss: 0.7006 - acc: 0.0000e+00
"
"1","[1]"
"1"," 140"
"1","
"
"1","Epoch 1/1
"
"1","1/1 [==============================]"
"1"," - 0s 359ms/step - loss: 0.6850 - acc: 1.0000
"
"1","[1]"
"1"," 141"
"1","
"
"1","Epoch 1/1
"
"1","1/1 [==============================]"
"1"," - 0s 355ms/step - loss: 0.7123 - acc: 0.0000e+00
"
"1","[1]"
"1"," 142"
"1","
"
"1","Epoch 1/1
"
"1","1/1 [==============================]"
"1"," - 0s 372ms/step - loss: 0.6967 - acc: 0.0000e+00
"
"1","[1]"
"1"," 143"
"1","
"
"1","Epoch 1/1
"
"1","1/1 [==============================]"
"1"," - 0s 366ms/step - loss: 0.6958 - acc: 0.0000e+00
"
"1","[1]"
"1"," 144"
"1","
"
"1","Epoch 1/1
"
"1",""
"1","1/1 [==============================] - 0s 381ms/step - loss: 0.6972 - acc: 0.0000e+00
"
"1","[1]"
"1"," 145"
"1","
"
"1","Epoch 1/1
"
"1","1/1 [==============================]"
"1"," - 0s 368ms/step - loss: 0.6906 - acc: 1.0000
"
"1","[1]"
"1"," 146"
"1","
"
"1","Epoch 1/1
"
"1","1/1 [==============================]"
"1"," - 0s 373ms/step - loss: 0.6956 - acc: 0.0000e+00
"
"1","[1]"
"1"," 147"
"1","
"
"1","Epoch 1/1
"
"1",""
"1","1/1 [==============================] - 0s 353ms/step - loss: 0.6920 - acc: 1.0000
"
"1","[1]"
"1"," 148"
"1","
"
"1","Epoch 1/1
"
"1","1/1 [==============================]"
"1"," - 0s 368ms/step - loss: 0.7094 - acc: 0.0000e+00
"
"1","[1]"
"1"," 149"
"1","
"
"1","Epoch 1/1
"
"1",""
"1","1/1 [==============================] - 0s 374ms/step - loss: 0.6826 - acc: 1.0000
"
"1","[1]"
"1"," 150"
"1","
"
"1","Epoch 1/1
"
"1","1/1 [==============================]"
"1"," - 0s 366ms/step - loss: 0.7037 - acc: 0.0000e+00
"
"1","[1]"
"1"," 151"
"1","
"
"1","Epoch 1/1
"
"1","1/1 [==============================]"
"1"," - 0s 375ms/step - loss: 0.6905 - acc: 1.0000
"
"1","[1]"
"1"," 152"
"1","
"
"1","Epoch 1/1
"
"1","1/1 [==============================]"
"1"," - 0s 354ms/step - loss: 0.7060 - acc: 0.0000e+00
"
"1","[1]"
"1"," 153"
"1","
"
"1","Epoch 1/1
"
"1","1/1 [==============================]"
"1"," - 0s 356ms/step - loss: 0.6803 - acc: 1.0000
"
"1","[1]"
"1"," 154"
"1","
"
"1","Epoch 1/1
"
"1","1/1 [==============================]"
"1"," - 0s 349ms/step - loss: 0.6880 - acc: 1.0000
"
"1","[1]"
"1"," 155"
"1","
"
"1","Epoch 1/1
"
"1","1/1 [==============================]"
"1"," - 0s 354ms/step - loss: 0.6531 - acc: 1.0000
"
"1","[1]"
"1"," 156"
"1","
"
"1","Epoch 1/1
"
"1","1/1 [==============================]"
"1"," - 0s 363ms/step - loss: 0.7276 - acc: 0.0000e+00
"
"1","[1]"
"1"," 157"
"1","
"
"1","Epoch 1/1
"
"1","1/1 [==============================]"
"1"," - 0s 356ms/step - loss: 0.7379 - acc: 0.0000e+00
"
"1","[1]"
"1"," 158"
"1","
"
"1","Epoch 1/1
"
"1","1/1 [==============================]"
"1"," - 0s 375ms/step - loss: 0.6940 - acc: 0.0000e+00
"
"1","[1]"
"1"," 159"
"1","
"
"1","Epoch 1/1
"
"1","1/1 [==============================]"
"1"," - 0s 355ms/step - loss: 0.6779 - acc: 1.0000
"
"1","[1]"
"1"," 160"
"1","
"
"1","Epoch 1/1
"
"1","1/1 [==============================]"
"1"," - 0s 355ms/step - loss: 0.7264 - acc: 0.0000e+00
"
"1","[1]"
"1"," 161"
"1","
"
"1","Epoch 1/1
"
"1","1/1 [==============================]"
"1"," - 0s 350ms/step - loss: 0.6945 - acc: 0.0000e+00
"
"1","[1]"
"1"," 162"
"1","
"
"1","Epoch 1/1
"
"1","1/1 [==============================]"
"1"," - 0s 382ms/step - loss: 0.6940 - acc: 0.0000e+00
"
"1","[1]"
"1"," 163"
"1","
"
"1","Epoch 1/1
"
"1","1/1 [==============================]"
"1"," - 0s 385ms/step - loss: 0.7126 - acc: 0.0000e+00
"
"1","[1]"
"1"," 164"
"1","
"
"1","Epoch 1/1
"
"1","1/1 [==============================]"
"1"," - 0s 354ms/step - loss: 0.7039 - acc: 0.0000e+00
"
"1","[1]"
"1"," 165"
"1","
"
"1","Epoch 1/1
"
"1","1/1 [==============================]"
"1"," - 0s 374ms/step - loss: 0.6824 - acc: 1.0000
"
"1","[1]"
"1"," 166"
"1","
"
"1","Epoch 1/1
"
"1","1/1 [==============================]"
"1"," - 0s 366ms/step - loss: 0.7111 - acc: 0.0000e+00
"
"1","[1]"
"1"," 167"
"1","
"
"1","Epoch 1/1
"
"1","1/1 [==============================]"
"1"," - 0s 376ms/step - loss: 0.7040 - acc: 0.0000e+00
"
"1","[1]"
"1"," 168"
"1","
"
"1","Epoch 1/1
"
"1",""
"1","1/1 [==============================] - 0s 370ms/step - loss: 0.6884 - acc: 1.0000
"
"1","[1]"
"1"," 169"
"1","
"
"1","Epoch 1/1
"
"1","1/1 [==============================]"
"1"," - 0s 365ms/step - loss: 0.6745 - acc: 1.0000
"
"1","[1]"
"1"," 170"
"1","
"
"1","Epoch 1/1
"
"1","1/1 [==============================]"
"1"," - 0s 392ms/step - loss: 0.7151 - acc: 0.0000e+00
"
"1","[1]"
"1"," 171"
"1","
"
"1","Epoch 1/1
"
"1","1/1 [==============================]"
"1"," - 0s 388ms/step - loss: 0.6674 - acc: 1.0000
"
"1","[1]"
"1"," 172"
"1","
"
"1","Epoch 1/1
"
"1","1/1 [==============================]"
"1"," - 0s 374ms/step - loss: 0.7092 - acc: 0.0000e+00
"
"1","[1]"
"1"," 173"
"1","
"
"1","Epoch 1/1
"
"1","1/1 [==============================]"
"1"," - 0s 360ms/step - loss: 0.7196 - acc: 0.0000e+00
"
"1","[1]"
"1"," 174"
"1","
"
"1","Epoch 1/1
"
"1","1/1 [==============================]"
"1"," - 0s 367ms/step - loss: 0.6907 - acc: 1.0000
"
"1","[1]"
"1"," 175"
"1","
"
"1","Epoch 1/1
"
"1","1/1 [==============================]"
"1"," - 0s 374ms/step - loss: 0.6637 - acc: 1.0000
"
"1","[1]"
"1"," 176"
"1","
"
"1","Epoch 1/1
"
"1","1/1 [==============================]"
"1"," - 0s 360ms/step - loss: 0.6647 - acc: 1.0000
"
"1","[1]"
"1"," 177"
"1","
"
"1","Epoch 1/1
"
"1","1/1 [==============================]"
"1"," - 0s 366ms/step - loss: 0.7659 - acc: 0.0000e+00
"
"1","[1]"
"1"," 178"
"1","
"
"1","Epoch 1/1
"
"1","1/1 [==============================]"
"1"," - 0s 355ms/step - loss: 0.6662 - acc: 1.0000
"
"1","[1]"
"1"," 179"
"1","
"
"1","Epoch 1/1
"
"1","1/1 [==============================]"
"1"," - 0s 354ms/step - loss: 0.6563 - acc: 1.0000
"
"1","[1]"
"1"," 180"
"1","
"
"1","Epoch 1/1
"
"1","1/1 [==============================]"
"1"," - 0s 372ms/step - loss: 0.6402 - acc: 1.0000
"
"1","[1]"
"1"," 181"
"1","
"
"1","Epoch 1/1
"
"1","1/1 [==============================]"
"1"," - 0s 363ms/step - loss: 0.7764 - acc: 0.0000e+00
"
"1","[1]"
"1"," 182"
"1","
"
"1","Epoch 1/1
"
"1","1/1 [==============================]"
"1"," - 0s 354ms/step - loss: 0.6401 - acc: 1.0000
"
"1","[1]"
"1"," 183"
"1","
"
"1","Epoch 1/1
"
"1","1/1 [==============================]"
"1"," - 0s 377ms/step - loss: 0.8142 - acc: 0.0000e+00
"
"1","[1]"
"1"," 184"
"1","
"
"1","Epoch 1/1
"
"1","1/1 [==============================]"
"1"," - 0s 381ms/step - loss: 0.6443 - acc: 1.0000
"
"1","[1]"
"1"," 185"
"1","
"
"1","Epoch 1/1
"
"1","1/1 [==============================]"
"1"," - 0s 353ms/step - loss: 0.6187 - acc: 1.0000
"
"1","[1]"
"1"," 186"
"1","
"
"1","Epoch 1/1
"
"1","1/1 [==============================]"
"1"," - 0s 375ms/step - loss: 0.6077 - acc: 1.0000
"
"1","[1]"
"1"," 187"
"1","
"
"1","Epoch 1/1
"
"1","1/1 [==============================]"
"1"," - 0s 358ms/step - loss: 0.5367 - acc: 1.0000
"
"1","[1]"
"1"," 188"
"1","
"
"1","Epoch 1/1
"
"1","1/1 [==============================]"
"1"," - 0s 368ms/step - loss: 0.9461 - acc: 0.0000e+00
"
"1","[1]"
"1"," 189"
"1","
"
"1","Epoch 1/1
"
"1","1/1 [==============================]"
"1"," - 0s 354ms/step - loss: 0.8796 - acc: 0.0000e+00
"
"1","[1]"
"1"," 190"
"1","
"
"1","Epoch 1/1
"
"1","1/1 [==============================]"
"1"," - 0s 357ms/step - loss: 0.7833 - acc: 0.0000e+00
"
"1","[1]"
"1"," 191"
"1","
"
"1","Epoch 1/1
"
"1","1/1 [==============================]"
"1","[1]"
"1"," - 0s 372ms/step - loss: 0.7671 - acc: 0.0000e+00
"
"1"," 192"
"1","
"
"1","Epoch 1/1
"
"1","1/1 [==============================]"
"1"," - 0s 352ms/step - loss: 0.6680 - acc: 1.0000
"
"1","[1]"
"1"," 193"
"1","
"
"1","Epoch 1/1
"
"1","1/1 [==============================]"
"1"," - 0s 353ms/step - loss: 0.7322 - acc: 0.0000e+00
"
"1","[1]"
"1"," 194"
"1","
"
"1","Epoch 1/1
"
"1","1/1 [==============================]"
"1"," - 0s 348ms/step - loss: 0.6900 - acc: 1.0000
"
"1","[1]"
"1"," 195"
"1","
"
"1","Epoch 1/1
"
"1","1/1 [==============================]"
"1"," - 0s 352ms/step - loss: 0.6771 - acc: 1.0000
"
"1","[1]"
"1"," 196"
"1","
"
"1","Epoch 1/1
"
"1","1/1 [==============================]"
"1"," - 0s 374ms/step - loss: 0.6308 - acc: 1.0000
"
"1","[1]"
"1"," 197"
"1","
"
"1","Epoch 1/1
"
"1","1/1 [==============================]"
"1"," - 0s 382ms/step - loss: 0.7870 - acc: 0.0000e+00
"
"1","[1]"
"1"," 198"
"1","
"
"1","Epoch 1/1
"
"1","1/1 [==============================]"
"1"," - 0s 379ms/step - loss: 0.6588 - acc: 1.0000
"
"1","[1]"
"1"," 199"
"1","
"
"1","Epoch 1/1
"
"1",""
"1","1/1 [==============================] - 0s 382ms/step - loss: 0.7623 - acc: 0.0000e+00
"
"1","[1]"
"1"," 200"
"1","
"
"1","Epoch 1/1
"
"1","1/1 [==============================]"
"1"," - 0s 374ms/step - loss: 0.7330 - acc: 0.0000e+00
"
"2","Generating Test Set
"
"2","Test sample: 0.52
"
"1","[1]"
"1"," 201"
"1","
"
"1","Epoch 1/1
"
"1","1/1 [==============================]"
"1"," - 0s 365ms/step - loss: 0.6735 - acc: 1.0000
"
"1","[1]"
"1"," 202"
"1","
"
"1","Epoch 1/1
"
"1","1/1 [==============================]"
"1"," - 0s 393ms/step - loss: 0.7472 - acc: 0.0000e+00
"
"1","[1]"
"1"," 203"
"1","
"
"1","Epoch 1/1
"
"1","1/1 [==============================]"
"1"," - 0s 356ms/step - loss: 0.6730 - acc: 1.0000
"
"1","[1]"
"1"," 204"
"1","
"
"1","Epoch 1/1
"
"1","1/1 [==============================]"
"1"," - 0s 379ms/step - loss: 0.6716 - acc: 1.0000
"
"1","[1]"
"1"," 205"
"1","
"
"1","Epoch 1/1
"
"1","1/1 [==============================]"
"1"," - 0s 367ms/step - loss: 0.6382 - acc: 1.0000
"
"1","[1]"
"1"," 206"
"1","
"
"1","Epoch 1/1
"
"1","1/1 [==============================]"
"1"," - 0s 377ms/step - loss: 0.7495 - acc: 0.0000e+00
"
"1","[1]"
"1"," 207"
"1","
"
"1","Epoch 1/1
"
"1","1/1 [==============================]"
"1"," - 0s 367ms/step - loss: 0.7386 - acc: 0.0000e+00
"
"1","[1]"
"1"," 208"
"1","
"
"1","Epoch 1/1
"
"1",""
"1","1/1 [==============================] - 0s 371ms/step - loss: 0.6536 - acc: 1.0000
"
"1","[1]"
"1"," 209"
"1","
"
"1","Epoch 1/1
"
"1","1/1 [==============================]"
"1"," - 0s 371ms/step - loss: 0.7452 - acc: 0.0000e+00
"
"1","[1]"
"1"," 210"
"1","
"
"1","Epoch 1/1
"
"1","1/1 [==============================]"
"1"," - 0s 370ms/step - loss: 0.6686 - acc: 1.0000
"
"1","[1]"
"1"," 211"
"1","
"
"1","Epoch 1/1
"
"1","1/1 [==============================]"
"1"," - 0s 371ms/step - loss: 0.6544 - acc: 1.0000
"
"1","[1]"
"1"," 212"
"1","
"
"1","Epoch 1/1
"
"1","1/1 [==============================]"
"1"," - 0s 374ms/step - loss: 0.7611 - acc: 0.0000e+00
"
"1","[1]"
"1"," 213"
"1","
"
"1","Epoch 1/1
"
"1",""
"1","1/1 [==============================]"
"1"," - 0s 355ms/step - loss: 0.6472 - acc: 1.0000
"
"1","[1]"
"1"," 214"
"1","
"
"1","Epoch 1/1
"
"1","1/1 [==============================]"
"1"," - 0s 370ms/step - loss: 0.7494 - acc: 0.0000e+00
"
"1","[1]"
"1"," 215"
"1","
"
"1","Epoch 1/1
"
"1","1/1 [==============================]"
"1"," - 0s 351ms/step - loss: 0.7381 - acc: 0.0000e+00
"
"1","[1]"
"1"," 216"
"1","
"
"1","Epoch 1/1
"
"1","1/1 [==============================]"
"1"," - 0s 381ms/step - loss: 0.6757 - acc: 1.0000
"
"1","[1]"
"1"," 217"
"1","
"
"1","Epoch 1/1
"
"1",""
"1","1/1 [==============================] - 0s 382ms/step - loss: 0.7172 - acc: 0.0000e+00
"
"1","[1]"
"1"," 218"
"1","
"
"1","Epoch 1/1
"
"1","1/1 [==============================]"
"1"," - 0s 369ms/step - loss: 0.7123 - acc: 0.0000e+00
"
"1","[1]"
"1"," 219"
"1","
"
"1","Epoch 1/1
"
"1",""
"1","1/1 [==============================] - 0s 385ms/step - loss: 0.6910 - acc: 1.0000
"
"1","[1]"
"1"," 220"
"1","
"
"1","Epoch 1/1
"
"1","1/1 [==============================]"
"1"," - 0s 358ms/step - loss: 0.6872 - acc: 1.0000
"
"1","[1]"
"1"," 221"
"1","
"
"1","Epoch 1/1
"
"1","1/1 [==============================]"
"1"," - 0s 360ms/step - loss: 0.7213 - acc: 0.0000e+00
"
"1","[1]"
"1"," 222"
"1","
"
"1","Epoch 1/1
"
"1","1/1 [==============================]"
"1"," - 0s 376ms/step - loss: 0.6869 - acc: 1.0000
"
"1","[1]"
"1"," 223"
"1","
"
"1","Epoch 1/1
"
"1",""
"1","1/1 [==============================] - 0s 355ms/step - loss: 0.7137 - acc: 0.0000e+00
"
"1","[1]"
"1"," 224"
"1","
"
"1","Epoch 1/1
"
"1","1/1 [==============================]"
"1"," - 0s 371ms/step - loss: 0.7016 - acc: 0.0000e+00
"
"1","[1]"
"1"," 225"
"1","
"
"1","Epoch 1/1
"
"1","1/1 [==============================]"
"1"," - 0s 374ms/step - loss: 0.6993 - acc: 0.0000e+00
"
"1","[1]"
"1"," 226"
"1","
"
"1","Epoch 1/1
"
"1","1/1 [==============================]"
"1"," - 0s 369ms/step - loss: 0.6998 - acc: 0.0000e+00
"
"1","[1]"
"1"," 227"
"1","
"
"1","Epoch 1/1
"
"1","1/1 [==============================]"
"1"," - 0s 361ms/step - loss: 0.6893 - acc: 1.0000
"
"1","[1]"
"1"," 228"
"1","
"
"1","Epoch 1/1
"
"1","1/1 [==============================]"
"1"," - 0s 359ms/step - loss: 0.7069 - acc: 0.0000e+00
"
"1","[1]"
"1"," 229"
"1","
"
"1","Epoch 1/1
"
"1","1/1 [==============================]"
"1"," - 0s 370ms/step - loss: 0.6914 - acc: 1.0000
"
"1","[1]"
"1"," 230"
"1","
"
"1","Epoch 1/1
"
"1","1/1 [==============================]"
"1"," - 0s 359ms/step - loss: 0.6972 - acc: 0.0000e+00
"
"1","[1]"
"1"," 231"
"1","
"
"1","Epoch 1/1
"
"1","1/1 [==============================]"
"1"," - 0s 353ms/step - loss: 0.6890 - acc: 1.0000
"
"1","[1]"
"1"," 232"
"1","
"
"1","Epoch 1/1
"
"1",""
"1","1/1 [==============================] - 0s 368ms/step - loss: 0.7155 - acc: 0.0000e+00
"
"1","[1]"
"1"," 233"
"1","
"
"1","Epoch 1/1
"
"1","1/1 [==============================]"
"1"," - 0s 368ms/step - loss: 0.6920 - acc: 1.0000
"
"1","[1]"
"1"," 234"
"1","
"
"1","Epoch 1/1
"
"1",""
"1","1/1 [==============================] - 0s 377ms/step - loss: 0.7034 - acc: 0.0000e+00
"
"1","[1]"
"1"," 235"
"1","
"
"1","Epoch 1/1
"
"1","1/1 [==============================]"
"1"," - 0s 357ms/step - loss: 0.6871 - acc: 1.0000
"
"1","[1]"
"1"," 236"
"1","
"
"1","Epoch 1/1
"
"1","1/1 [==============================]"
"1"," - 0s 370ms/step - loss: 0.7120 - acc: 0.0000e+00
"
"1","[1]"
"1"," 237"
"1","
"
"1","Epoch 1/1
"
"1","1/1 [==============================]"
"1"," - 0s 378ms/step - loss: 0.7003 - acc: 0.0000e+00
"
"1","[1]"
"1"," 238"
"1","
"
"1","Epoch 1/1
"
"1","1/1 [==============================]"
"1"," - 0s 355ms/step - loss: 0.6959 - acc: 0.0000e+00
"
"1","[1]"
"1"," 239"
"1","
"
"1","Epoch 1/1
"
"1",""
"1","1/1 [==============================] - 0s 359ms/step - loss: 0.6971 - acc: 0.0000e+00
"
"1","[1]"
"1"," 240"
"1","
"
"1","Epoch 1/1
"
"1","1/1 [==============================]"
"1"," - 0s 360ms/step - loss: 0.6837 - acc: 1.0000
"
"1","[1]"
"1"," 241"
"1","
"
"1","Epoch 1/1
"
"1","1/1 [==============================]"
"1"," - 0s 385ms/step - loss: 0.6805 - acc: 1.0000
"
"1","[1]"
"1"," 242"
"1","
"
"1","Epoch 1/1
"
"1",""
"1","1/1 [==============================] - 0s 388ms/step - loss: 0.6577 - acc: 1.0000
"
"1","[1]"
"1"," 243"
"1","
"
"1","Epoch 1/1
"
"1","1/1 [==============================]"
"1"," - 0s 380ms/step - loss: 0.7588 - acc: 0.0000e+00
"
"1","[1]"
"1"," 244"
"1","
"
"1","Epoch 1/1
"
"1","1/1 [==============================]"
"1"," - 0s 383ms/step - loss: 0.6757 - acc: 1.0000
"
"1","[1]"
"1"," 245"
"1","
"
"1","Epoch 1/1
"
"1","1/1 [==============================]"
"1"," - 0s 356ms/step - loss: 0.6553 - acc: 1.0000
"
"1","[1]"
"1"," 246"
"1","
"
"1","Epoch 1/1
"
"1","1/1 [==============================]"
"1"," - 0s 362ms/step - loss: 0.6446 - acc: 1.0000
"
"1","[1]"
"1"," 247"
"1","
"
"1","Epoch 1/1
"
"1","1/1 [==============================]"
"1"," - 0s 373ms/step - loss: 0.7988 - acc: 0.0000e+00
"
"1","[1]"
"1"," 248"
"1","
"
"1","Epoch 1/1
"
"1","1/1 [==============================]"
"1"," - 0s 383ms/step - loss: 0.6482 - acc: 1.0000
"
"1","[1]"
"1"," 249"
"1","
"
"1","Epoch 1/1
"
"1","1/1 [==============================]"
"1","[1]"
"1"," - 0s 375ms/step - loss: 0.6141 - acc: 1.0000
"
"1"," 250"
"1","
"
"1","Epoch 1/1
"
"1","1/1 [==============================]"
"1"," - 0s 377ms/step - loss: 0.5907 - acc: 1.0000
"
"1","[1]"
"1"," 251"
"1","
"
"1","Epoch 1/1
"
"1",""
"1","1/1 [==============================] - 0s 375ms/step - loss: 0.5161 - acc: 1.0000
"
"1","[1]"
"1"," 252"
"1","
"
"1","Epoch 1/1
"
"1","1/1 [==============================]"
"1"," - 0s 367ms/step - loss: 1.0915 - acc: 0.0000e+00
"
"1","[1]"
"1"," 253"
"1","
"
"1","Epoch 1/1
"
"1","1/1 [==============================]"
"1"," - 0s 367ms/step - loss: 0.5776 - acc: 1.0000
"
"1","[1]"
"1"," 254"
"1","
"
"1","Epoch 1/1
"
"1","1/1 [==============================]"
"1"," - 0s 385ms/step - loss: 0.5182 - acc: 1.0000
"
"1","[1]"
"1"," 255"
"1","
"
"1","Epoch 1/1
"
"1",""
"1","1/1 [==============================] - 0s 380ms/step - loss: 0.9310 - acc: 0.0000e+00
"
"1","[1]"
"1"," 256"
"1","
"
"1","Epoch 1/1
"
"1",""
"1","1/1 [==============================] - 0s 376ms/step - loss: 0.8792 - acc: 0.0000e+00
"
"1","[1]"
"1"," 257"
"1","
"
"1","Epoch 1/1
"
"1",""
"1","1/1 [==============================] - 0s 370ms/step - loss: 0.8260 - acc: 0.0000e+00
"
"1","[1]"
"1"," 258"
"1","
"
"1","Epoch 1/1
"
"1","1/1 [==============================]"
"1"," - 0s 350ms/step - loss: 0.7579 - acc: 0.0000e+00
"
"1","[1]"
"1"," 259"
"1","
"
"1","Epoch 1/1
"
"1","1/1 [==============================]"
"1"," - 0s 354ms/step - loss: 0.6500 - acc: 1.0000
"
"1","[1]"
"1"," 260"
"1","
"
"1","Epoch 1/1
"
"1","1/1 [==============================]"
"1"," - 0s 361ms/step - loss: 0.6149 - acc: 1.0000
"
"1","[1]"
"1"," 261"
"1","
"
"1","Epoch 1/1
"
"1","1/1 [==============================]"
"1"," - 0s 376ms/step - loss: 0.5837 - acc: 1.0000
"
"1","[1]"
"1"," 262"
"1","
"
"1","Epoch 1/1
"
"1","1/1 [==============================]"
"1"," - 0s 378ms/step - loss: 0.5570 - acc: 1.0000
"
"1","[1]"
"1"," 263"
"1","
"
"1","Epoch 1/1
"
"1","1/1 [==============================]"
"1"," - 0s 351ms/step - loss: 0.9006 - acc: 0.0000e+00
"
"1","[1]"
"1"," 264"
"1","
"
"1","Epoch 1/1
"
"1","1/1 [==============================]"
"1"," - 0s 356ms/step - loss: 0.5723 - acc: 1.0000
"
"1","[1]"
"1"," 265"
"1","
"
"1","Epoch 1/1
"
"1","1/1 [==============================]"
"1"," - 0s 376ms/step - loss: 0.8109 - acc: 0.0000e+00
"
"1","[1]"
"1"," 266"
"1","
"
"1","Epoch 1/1
"
"1","1/1 [==============================]"
"1"," - 0s 365ms/step - loss: 0.8140 - acc: 0.0000e+00
"
"1","[1]"
"1"," 267"
"1","
"
"1","Epoch 1/1
"
"1","1/1 [==============================]"
"1"," - 0s 370ms/step - loss: 0.5997 - acc: 1.0000
"
"1","[1]"
"1"," 268"
"1","
"
"1","Epoch 1/1
"
"1","1/1 [==============================]"
"1"," - 0s 381ms/step - loss: 0.5724 - acc: 1.0000
"
"1","[1]"
"1"," 269"
"1","
"
"1","Epoch 1/1
"
"1",""
"1","1/1 [==============================] - 0s 364ms/step - loss: 0.8822 - acc: 0.0000e+00
"
"1","[1]"
"1"," 270"
"1","
"
"1","Epoch 1/1
"
"1","1/1 [==============================]"
"1"," - 0s 367ms/step - loss: 0.5991 - acc: 1.0000
"
"1","[1]"
"1"," 271"
"1","
"
"1","Epoch 1/1
"
"1","1/1 [==============================]"
"1"," - 0s 376ms/step - loss: 0.5542 - acc: 1.0000
"
"1","[1]"
"1"," 272"
"1","
"
"1","Epoch 1/1
"
"1",""
"1","1/1 [==============================] - 0s 390ms/step - loss: 0.5498 - acc: 1.0000
"
"1","[1]"
"1"," 273"
"1","
"
"1","Epoch 1/1
"
"1",""
"1","1/1 [==============================] - 0s 378ms/step - loss: 0.9495 - acc: 0.0000e+00
"
"1","[1]"
"1"," 274"
"1","
"
"1","Epoch 1/1
"
"1","1/1 [==============================]"
"1"," - 0s 361ms/step - loss: 0.8818 - acc: 0.0000e+00
"
"1","[1]"
"1"," 275"
"1","
"
"1","Epoch 1/1
"
"1","1/1 [==============================]"
"1"," - 0s 366ms/step - loss: 0.8159 - acc: 0.0000e+00
"
"1","[1]"
"1"," 276"
"1","
"
"1","Epoch 1/1
"
"1","1/1 [==============================]"
"1"," - 0s 357ms/step - loss: 0.7628 - acc: 0.0000e+00
"
"1","[1]"
"1"," 277"
"1","
"
"1","Epoch 1/1
"
"1","1/1 [==============================]"
"1"," - 0s 349ms/step - loss: 0.7428 - acc: 0.0000e+00
"
"1","[1]"
"1"," 278"
"1","
"
"1","Epoch 1/1
"
"1","1/1 [==============================]"
"1"," - 0s 359ms/step - loss: 0.6639 - acc: 1.0000
"
"1","[1]"
"1"," 279"
"1","
"
"1","Epoch 1/1
"
"1","1/1 [==============================]"
"1"," - 0s 355ms/step - loss: 0.7328 - acc: 0.0000e+00
"
"1","[1]"
"1"," 280"
"1","
"
"1","Epoch 1/1
"
"1","1/1 [==============================]"
"1"," - 0s 367ms/step - loss: 0.6820 - acc: 1.0000
"
"1","[1]"
"1"," 281"
"1","
"
"1","Epoch 1/1
"
"1","1/1 [==============================]"
"1"," - 0s 370ms/step - loss: 0.7409 - acc: 0.0000e+00
"
"1","[1]"
"1"," 282"
"1","
"
"1","Epoch 1/1
"
"1","1/1 [==============================]"
"1"," - 0s 354ms/step - loss: 0.6698 - acc: 1.0000
"
"1","[1]"
"1"," 283"
"1","
"
"1","Epoch 1/1
"
"1","1/1 [==============================]"
"1"," - 0s 367ms/step - loss: 0.6574 - acc: 1.0000
"
"1","[1]"
"1"," 284"
"1","
"
"1","Epoch 1/1
"
"1","1/1 [==============================]"
"1"," - 0s 364ms/step - loss: 0.7606 - acc: 0.0000e+00
"
"1","[1]"
"1"," 285"
"1","
"
"1","Epoch 1/1
"
"1","1/1 [==============================]"
"1"," - 0s 358ms/step - loss: 0.6655 - acc: 1.0000
"
"1","[1]"
"1"," 286"
"1","
"
"1","Epoch 1/1
"
"1","1/1 [==============================]"
"1"," - 0s 369ms/step - loss: 0.6449 - acc: 1.0000
"
"1","[1]"
"1"," 287"
"1","
"
"1","Epoch 1/1
"
"1","1/1 [==============================]"
"1"," - 0s 358ms/step - loss: 0.6279 - acc: 1.0000
"
"1","[1]"
"1"," 288"
"1","
"
"1","Epoch 1/1
"
"1",""
"1","1/1 [==============================] - 0s 353ms/step - loss: 0.7904 - acc: 0.0000e+00
"
"1","[1]"
"1"," 289"
"1","
"
"1","Epoch 1/1
"
"1","1/1 [==============================]"
"1"," - 0s 353ms/step - loss: 0.6407 - acc: 1.0000
"
"1","[1]"
"1"," 290"
"1","
"
"1","Epoch 1/1
"
"1",""
"1","1/1 [==============================] - 0s 368ms/step - loss: 0.6278 - acc: 1.0000
"
"1","[1]"
"1"," 291"
"1","
"
"1","Epoch 1/1
"
"1","1/1 [==============================]"
"1"," - 0s 380ms/step - loss: 0.5882 - acc: 1.0000
"
"1","[1]"
"1"," 292"
"1","
"
"1","Epoch 1/1
"
"1",""
"1","1/1 [==============================] - 0s 379ms/step - loss: 0.8363 - acc: 0.0000e+00
"
"1","[1]"
"1"," 293"
"1","
"
"1","Epoch 1/1
"
"1","1/1 [==============================]"
"1"," - 0s 385ms/step - loss: 0.7768 - acc: 0.0000e+00
"
"1","[1]"
"1"," 294"
"1","
"
"1","Epoch 1/1
"
"1","1/1 [==============================]"
"1"," - 0s 376ms/step - loss: 0.6240 - acc: 1.0000
"
"1","[1]"
"1"," 295"
"1","
"
"1","Epoch 1/1
"
"1","1/1 [==============================]"
"1"," - 0s 366ms/step - loss: 0.6021 - acc: 1.0000
"
"1","[1]"
"1"," 296"
"1","
"
"1","Epoch 1/1
"
"1","1/1 [==============================]"
"1"," - 0s 372ms/step - loss: 0.5870 - acc: 1.0000
"
"1","[1]"
"1"," 297"
"1","
"
"1","Epoch 1/1
"
"1","1/1 [==============================]"
"1"," - 0s 376ms/step - loss: 0.5274 - acc: 1.0000
"
"1","[1]"
"1"," 298"
"1","
"
"1","Epoch 1/1
"
"1","1/1 [==============================]"
"1"," - 0s 363ms/step - loss: 0.4075 - acc: 1.0000
"
"1","[1]"
"1"," 299"
"1","
"
"1","Epoch 1/1
"
"1","1/1 [==============================]"
"1"," - 0s 356ms/step - loss: 0.3359 - acc: 1.0000
"
"1","[1]"
"1"," 300"
"1","
"
"1","Epoch 1/1
"
"1","1/1 [==============================]"
"1"," - 0s 362ms/step - loss: 0.2813 - acc: 1.0000
"
"1","[1]"
"1"," 301"
"1","
"
"1","Epoch 1/1
"
"1","1/1 [==============================]"
"1"," - 0s 382ms/step - loss: 0.2877 - acc: 1.0000
"
"1","[1]"
"1"," 302"
"1","
"
"1","Epoch 1/1
"
"1","1/1 [==============================]"
"1"," - 0s 354ms/step - loss: 1.7166 - acc: 0.0000e+00
"
"1","[1]"
"1"," 303"
"1","
"
"1","Epoch 1/1
"
"1",""
"1","1/1 [==============================] - 0s 361ms/step - loss: 1.6136 - acc: 0.0000e+00
"
"1","[1]"
"1"," 304"
"1","
"
"1","Epoch 1/1
"
"1","1/1 [==============================]"
"1"," - 0s 354ms/step - loss: 1.2153 - acc: 0.0000e+00
"
"1","[1]"
"1"," 305"
"1","
"
"1","Epoch 1/1
"
"1","1/1 [==============================]"
"1"," - 0s 353ms/step - loss: 1.1087 - acc: 0.0000e+00
"
"1","[1]"
"1"," 306"
"1","
"
"1","Epoch 1/1
"
"1","1/1 [==============================]"
"1"," - 0s 382ms/step - loss: 0.5353 - acc: 1.0000
"
"1","[1]"
"1"," 307"
"1","
"
"1","Epoch 1/1
"
"1","1/1 [==============================]"
"1"," - 0s 359ms/step - loss: 0.9499 - acc: 0.0000e+00
"
"1","[1]"
"1"," 308"
"1","
"
"1","Epoch 1/1
"
"1","1/1 [==============================]"
"1"," - 0s 370ms/step - loss: 0.5916 - acc: 1.0000
"
"1","[1]"
"1"," 309"
"1","
"
"1","Epoch 1/1
"
"1","1/1 [==============================]"
"1"," - 0s 376ms/step - loss: 0.5266 - acc: 1.0000
"
"1","[1]"
"1"," 310"
"1","
"
"1","Epoch 1/1
"
"1","1/1 [==============================]"
"1"," - 0s 378ms/step - loss: 0.8576 - acc: 0.0000e+00
"
"1","[1]"
"1"," 311"
"1","
"
"1","Epoch 1/1
"
"1","1/1 [==============================]"
"1"," - 0s 351ms/step - loss: 0.5741 - acc: 1.0000
"
"1","[1]"
"1"," 312"
"1","
"
"1","Epoch 1/1
"
"1",""
"1","1/1 [==============================] - 0s 366ms/step - loss: 0.9182 - acc: 0.0000e+00
"
"1","[1]"
"1"," 313"
"1","
"
"1","Epoch 1/1
"
"1",""
"1","1/1 [==============================] - 0s 374ms/step - loss: 0.8694 - acc: 0.0000e+00
"
"1","[1]"
"1"," 314"
"1","
"
"1","Epoch 1/1
"
"1","1/1 [==============================]"
"1"," - 0s 374ms/step - loss: 0.8092 - acc: 0.0000e+00
"
"1","[1]"
"1"," 315"
"1","
"
"1","Epoch 1/1
"
"1","1/1 [==============================]"
"1"," - 0s 366ms/step - loss: 0.6121 - acc: 1.0000
"
"1","[1]"
"1"," 316"
"1","
"
"1","Epoch 1/1
"
"1","1/1 [==============================]"
"1"," - 0s 352ms/step - loss: 0.8040 - acc: 0.0000e+00
"
"1","[1]"
"1"," 317"
"1","
"
"1","Epoch 1/1
"
"1","1/1 [==============================]"
"1"," - 0s 353ms/step - loss: 0.6278 - acc: 1.0000
"
"1","[1]"
"1"," 318"
"1","
"
"1","Epoch 1/1
"
"1","1/1 [==============================]"
"1"," - 0s 359ms/step - loss: 0.8089 - acc: 0.0000e+00
"
"1","[1]"
"1"," 319"
"1","
"
"1","Epoch 1/1
"
"1",""
"1","1/1 [==============================] - 0s 374ms/step - loss: 0.7519 - acc: 0.0000e+00
"
"1","[1]"
"1"," 320"
"1","
"
"1","Epoch 1/1
"
"1","1/1 [==============================]"
"1"," - 0s 376ms/step - loss: 0.7520 - acc: 0.0000e+00
"
"1","[1]"
"1"," 321"
"1","
"
"1","Epoch 1/1
"
"1","1/1 [==============================]"
"1"," - 0s 381ms/step - loss: 0.6687 - acc: 1.0000
"
"1","[1]"
"1"," 322"
"1","
"
"1","Epoch 1/1
"
"1",""
"1","1/1 [==============================] - 0s 371ms/step - loss: 0.6526 - acc: 1.0000
"
"1","[1]"
"1"," 323"
"1","
"
"1","Epoch 1/1
"
"1","1/1 [==============================]"
"1"," - 0s 380ms/step - loss: 0.7612 - acc: 0.0000e+00
"
"1","[1]"
"1"," 324"
"1","
"
"1","Epoch 1/1
"
"1",""
"1","1/1 [==============================] - 0s 372ms/step - loss: 0.6689 - acc: 1.0000
"
"1","[1]"
"1"," 325"
"1","
"
"1","Epoch 1/1
"
"1","1/1 [==============================]"
"1"," - 0s 357ms/step - loss: 0.7462 - acc: 0.0000e+00
"
"1","[1]"
"1"," 326"
"1","
"
"1","Epoch 1/1
"
"1","1/1 [==============================]"
"1"," - 0s 358ms/step - loss: 0.7321 - acc: 0.0000e+00
"
"1","[1]"
"1"," 327"
"1","
"
"1","Epoch 1/1
"
"1",""
"1","1/1 [==============================] - 0s 385ms/step - loss: 0.7203 - acc: 0.0000e+00
"
"1","[1]"
"1"," 328"
"1","
"
"1","Epoch 1/1
"
"1","1/1 [==============================]"
"1"," - 0s 355ms/step - loss: 0.6929 - acc: 1.0000
"
"1","[1]"
"1"," 329"
"1","
"
"1","Epoch 1/1
"
"1","1/1 [==============================]"
"1"," - 0s 382ms/step - loss: 0.6802 - acc: 1.0000
"
"1","[1]"
"1"," 330"
"1","
"
"1","Epoch 1/1
"
"1","1/1 [==============================]"
"1"," - 0s 370ms/step - loss: 0.7202 - acc: 0.0000e+00
"
"1","[1]"
"1"," 331"
"1","
"
"1","Epoch 1/1
"
"1","1/1 [==============================]"
"1"," - 0s 346ms/step - loss: 0.7017 - acc: 0.0000e+00
"
"1","[1]"
"1"," 332"
"1","
"
"1","Epoch 1/1
"
"1",""
"1","1/1 [==============================] - 0s 372ms/step - loss: 0.7017 - acc: 0.0000e+00
"
"1","[1]"
"1"," 333"
"1","
"
"1","Epoch 1/1
"
"1","1/1 [==============================]"
"1"," - 0s 372ms/step - loss: 0.6810 - acc: 1.0000
"
"1","[1]"
"1"," 334"
"1","
"
"1","Epoch 1/1
"
"1","1/1 [==============================]"
"1"," - 0s 362ms/step - loss: 0.6654 - acc: 1.0000
"
"1","[1]"
"1"," 335"
"1","
"
"1","Epoch 1/1
"
"1","1/1 [==============================]"
"1"," - 0s 348ms/step - loss: 0.7460 - acc: 0.0000e+00
"
"1","[1]"
"1"," 336"
"1","
"
"1","Epoch 1/1
"
"1","1/1 [==============================]"
"1"," - 0s 362ms/step - loss: 0.7094 - acc: 0.0000e+00
"
"1","[1]"
"1"," 337"
"1","
"
"1","Epoch 1/1
"
"1",""
"1","1/1 [==============================] - 0s 364ms/step - loss: 0.6998 - acc: 0.0000e+00
"
"1","[1]"
"1"," 338"
"1","
"
"1","Epoch 1/1
"
"1","1/1 [==============================]"
"1"," - 0s 361ms/step - loss: 0.6817 - acc: 1.0000
"
"1","[1]"
"1"," 339"
"1","
"
"1","Epoch 1/1
"
"1","1/1 [==============================]"
"1"," - 0s 374ms/step - loss: 0.7304 - acc: 0.0000e+00
"
"1","[1]"
"1"," 340"
"1","
"
"1","Epoch 1/1
"
"1","1/1 [==============================]"
"1"," - 0s 356ms/step - loss: 0.6974 - acc: 0.0000e+00
"
"1","[1]"
"1"," 341"
"1","
"
"1","Epoch 1/1
"
"1","1/1 [==============================]"
"1"," - 0s 356ms/step - loss: 0.6877 - acc: 1.0000
"
"1","[1]"
"1"," 342"
"1","
"
"1","Epoch 1/1
"
"1","1/1 [==============================]"
"1"," - 0s 363ms/step - loss: 0.6842 - acc: 1.0000
"
"1","[1]"
"1"," 343"
"1","
"
"1","Epoch 1/1
"
"1","1/1 [==============================]"
"1"," - 0s 386ms/step - loss: 0.6613 - acc: 1.0000
"
"1","[1]"
"1"," 344"
"1","
"
"1","Epoch 1/1
"
"1","1/1 [==============================]"
"1"," - 0s 374ms/step - loss: 0.7477 - acc: 0.0000e+00
"
"1","[1]"
"1"," 345"
"1","
"
"1","Epoch 1/1
"
"1","1/1 [==============================]"
"1"," - 0s 367ms/step - loss: 0.6767 - acc: 1.0000
"
"1","[1]"
"1"," 346"
"1","
"
"1","Epoch 1/1
"
"1","1/1 [==============================]"
"1"," - 0s 360ms/step - loss: 0.6600 - acc: 1.0000
"
"1","[1]"
"1"," 347"
"1","
"
"1","Epoch 1/1
"
"1","1/1 [==============================]"
"1"," - 0s 378ms/step - loss: 0.7579 - acc: 0.0000e+00
"
"1","[1]"
"1"," 348"
"1","
"
"1","Epoch 1/1
"
"1","1/1 [==============================]"
"1"," - 0s 358ms/step - loss: 0.6653 - acc: 1.0000
"
"1","[1]"
"1"," 349"
"1","
"
"1","Epoch 1/1
"
"1","1/1 [==============================]"
"1"," - 0s 359ms/step - loss: 0.6618 - acc: 1.0000
"
"1","[1]"
"1"," 350"
"1","
"
"1","Epoch 1/1
"
"1","1/1 [==============================]"
"1"," - 0s 379ms/step - loss: 0.7500 - acc: 0.0000e+00
"
"1","[1]"
"1"," 351"
"1","
"
"1","Epoch 1/1
"
"1",""
"1","1/1 [==============================] - 0s 375ms/step - loss: 0.7270 - acc: 0.0000e+00
"
"1","[1]"
"1"," 352"
"1","
"
"1","Epoch 1/1
"
"1",""
"1","1/1 [==============================] - 0s 352ms/step - loss: 0.6687 - acc: 1.0000
"
"1","[1]"
"1"," 353"
"1","
"
"1","Epoch 1/1
"
"1","1/1 [==============================]"
"1"," - 0s 377ms/step - loss: 0.7241 - acc: 0.0000e+00
"
"1","[1]"
"1"," 354"
"1","
"
"1","Epoch 1/1
"
"1","1/1 [==============================]"
"1"," - 0s 377ms/step - loss: 0.6835 - acc: 1.0000
"
"1","[1]"
"1"," 355"
"1","
"
"1","Epoch 1/1
"
"1","1/1 [==============================]"
"1"," - 0s 379ms/step - loss: 0.6638 - acc: 1.0000
"
"1","[1]"
"1"," 356"
"1","
"
"1","Epoch 1/1
"
"1","1/1 [==============================]"
"1"," - 0s 367ms/step - loss: 0.6610 - acc: 1.0000
"
"1","[1]"
"1"," 357"
"1","
"
"1","Epoch 1/1
"
"1","1/1 [==============================]"
"1"," - 0s 361ms/step - loss: 0.7733 - acc: 0.0000e+00
"
"1","[1]"
"1"," 358"
"1","
"
"1","Epoch 1/1
"
"1","1/1 [==============================]"
"1"," - 0s 365ms/step - loss: 0.7336 - acc: 0.0000e+00
"
"1","[1]"
"1"," 359"
"1","
"
"1","Epoch 1/1
"
"1","1/1 [==============================]"
"1"," - 0s 351ms/step - loss: 0.7125 - acc: 0.0000e+00
"
"1","[1]"
"1"," 360"
"1","
"
"1","Epoch 1/1
"
"1","1/1 [==============================]"
"1"," - 0s 370ms/step - loss: 0.6854 - acc: 1.0000
"
"1","[1]"
"1"," 361"
"1","
"
"1","Epoch 1/1
"
"1",""
"1","1/1 [==============================] - 0s 369ms/step - loss: 0.7149 - acc: 0.0000e+00
"
"1","[1]"
"1"," 362"
"1","
"
"1","Epoch 1/1
"
"1","1/1 [==============================]"
"1"," - 0s 389ms/step - loss: 0.6845 - acc: 1.0000
"
"1","[1]"
"1"," 363"
"1","
"
"1","Epoch 1/1
"
"1","1/1 [==============================]"
"1"," - 0s 377ms/step - loss: 0.7105 - acc: 0.0000e+00
"
"1","[1]"
"1"," 364"
"1","
"
"1","Epoch 1/1
"
"1","1/1 [==============================]"
"1"," - 0s 370ms/step - loss: 0.7014 - acc: 0.0000e+00
"
"1","[1]"
"1"," 365"
"1","
"
"1","Epoch 1/1
"
"1","1/1 [==============================]"
"1"," - 0s 374ms/step - loss: 0.6918 - acc: 1.0000
"
"1","[1]"
"1"," 366"
"1","
"
"1","Epoch 1/1
"
"1","1/1 [==============================]"
"1"," - 0s 357ms/step - loss: 0.6798 - acc: 1.0000
"
"1","[1]"
"1"," 367"
"1","
"
"1","Epoch 1/1
"
"1",""
"1","1/1 [==============================] - 0s 357ms/step - loss: 0.6474 - acc: 1.0000
"
"1","[1]"
"1"," 368"
"1","
"
"1","Epoch 1/1
"
"1",""
"1","1/1 [==============================] - 0s 375ms/step - loss: 0.6410 - acc: 1.0000
"
"1","[1]"
"1"," 369"
"1","
"
"1","Epoch 1/1
"
"1","1/1 [==============================]"
"1"," - 0s 362ms/step - loss: 0.5666 - acc: 1.0000
"
"1","[1]"
"1"," 370"
"1","
"
"1","Epoch 1/1
"
"1",""
"1","1/1 [==============================] - 0s 404ms/step - loss: 0.8753 - acc: 0.0000e+00
"
"1","[1]"
"1"," 371"
"1","
"
"1","Epoch 1/1
"
"1","1/1 [==============================]"
"1"," - 0s 353ms/step - loss: 0.6135 - acc: 1.0000
"
"1","[1]"
"1"," 372"
"1","
"
"1","Epoch 1/1
"
"1","1/1 [==============================]"
"1"," - 0s 355ms/step - loss: 0.5541 - acc: 1.0000
"
"1","[1]"
"1"," 373"
"1","
"
"1","Epoch 1/1
"
"1","1/1 [==============================]"
"1"," - 0s 375ms/step - loss: 0.8939 - acc: 0.0000e+00
"
"1","[1]"
"1"," 374"
"1","
"
"1","Epoch 1/1
"
"1","1/1 [==============================]"
"1"," - 0s 373ms/step - loss: 0.5598 - acc: 1.0000
"
"1","[1]"
"1"," 375"
"1","
"
"1","Epoch 1/1
"
"1",""
"1","1/1 [==============================] - 0s 381ms/step - loss: 0.9544 - acc: 0.0000e+00
"
"1","[1]"
"1"," 376"
"1","
"
"1","Epoch 1/1
"
"1","1/1 [==============================]"
"1"," - 0s 375ms/step - loss: 0.8005 - acc: 0.0000e+00
"
"1","[1]"
"1"," 377"
"1","
"
"1","Epoch 1/1
"
"1",""
"1","1/1 [==============================] - 0s 387ms/step - loss: 0.7759 - acc: 0.0000e+00
"
"1","[1]"
"1"," 378"
"1","
"
"1","Epoch 1/1
"
"1","1/1 [==============================]"
"1"," - 0s 358ms/step - loss: 0.7384 - acc: 0.0000e+00
"
"1","[1]"
"1"," 379"
"1","
"
"1","Epoch 1/1
"
"1","1/1 [==============================]"
"1"," - 0s 354ms/step - loss: 0.7125 - acc: 0.0000e+00
"
"1","[1]"
"1"," 380"
"1","
"
"1","Epoch 1/1
"
"1","1/1 [==============================]"
"1"," - 0s 361ms/step - loss: 0.6815 - acc: 1.0000
"
"1","[1]"
"1"," 381"
"1","
"
"1","Epoch 1/1
"
"1","1/1 [==============================]"
"1"," - 0s 351ms/step - loss: 0.7191 - acc: 0.0000e+00
"
"1","[1]"
"1"," 382"
"1","
"
"1","Epoch 1/1
"
"1","1/1 [==============================]"
"1"," - 0s 363ms/step - loss: 0.6889 - acc: 1.0000
"
"1","[1]"
"1"," 383"
"1","
"
"1","Epoch 1/1
"
"1",""
"1","1/1 [==============================] - 0s 387ms/step - loss: 0.7333 - acc: 0.0000e+00
"
"1","[1]"
"1"," 384"
"1","
"
"1","Epoch 1/1
"
"1","1/1 [==============================]"
"1"," - 0s 373ms/step - loss: 0.7076 - acc: 0.0000e+00
"
"1","[1]"
"1"," 385"
"1","
"
"1","Epoch 1/1
"
"1","1/1 [==============================]"
"1"," - 0s 376ms/step - loss: 0.7034 - acc: 0.0000e+00
"
"1","[1]"
"1"," 386"
"1","
"
"1","Epoch 1/1
"
"1",""
"1","1/1 [==============================] - 0s 366ms/step - loss: 0.6889 - acc: 1.0000
"
"1","[1]"
"1"," 387"
"1","
"
"1","Epoch 1/1
"
"1","1/1 [==============================]"
"1"," - 0s 368ms/step - loss: 0.6733 - acc: 1.0000
"
"1","[1]"
"1"," 388"
"1","
"
"1","Epoch 1/1
"
"1","1/1 [==============================]"
"1"," - 0s 360ms/step - loss: 0.7273 - acc: 0.0000e+00
"
"1","[1]"
"1"," 389"
"1","
"
"1","Epoch 1/1
"
"1","1/1 [==============================]"
"1"," - 0s 364ms/step - loss: 0.7072 - acc: 0.0000e+00
"
"1","[1]"
"1"," 390"
"1","
"
"1","Epoch 1/1
"
"1","1/1 [==============================]"
"1"," - 0s 363ms/step - loss: 0.6951 - acc: 0.0000e+00
"
"1","[1]"
"1"," 391"
"1","
"
"1","Epoch 1/1
"
"1","1/1 [==============================]"
"1"," - 0s 352ms/step - loss: 0.6766 - acc: 1.0000
"
"1","[1]"
"1"," 392"
"1","
"
"1","Epoch 1/1
"
"1","1/1 [==============================]"
"1"," - 0s 353ms/step - loss: 0.6695 - acc: 1.0000
"
"1","[1]"
"1"," 393"
"1","
"
"1","Epoch 1/1
"
"1","1/1 [==============================]"
"1"," - 0s 356ms/step - loss: 0.6424 - acc: 1.0000
"
"1","[1]"
"1"," 394"
"1","
"
"1","Epoch 1/1
"
"1","1/1 [==============================]"
"1"," - 0s 362ms/step - loss: 0.7784 - acc: 0.0000e+00
"
"1","[1]"
"1"," 395"
"1","
"
"1","Epoch 1/1
"
"1","1/1 [==============================]"
"1"," - 0s 355ms/step - loss: 0.7298 - acc: 0.0000e+00
"
"1","[1]"
"1"," 396"
"1","
"
"1","Epoch 1/1
"
"1","1/1 [==============================]"
"1"," - 0s 369ms/step - loss: 0.6782 - acc: 1.0000
"
"1","[1]"
"1"," 397"
"1","
"
"1","Epoch 1/1
"
"1","1/1 [==============================]"
"1"," - 0s 367ms/step - loss: 0.6628 - acc: 1.0000
"
"1","[1]"
"1"," 398"
"1","
"
"1","Epoch 1/1
"
"1","1/1 [==============================]"
"1"," - 0s 356ms/step - loss: 0.7604 - acc: 0.0000e+00
"
"1","[1]"
"1"," 399"
"1","
"
"1","Epoch 1/1
"
"1","1/1 [==============================]"
"1"," - 0s 354ms/step - loss: 0.7214 - acc: 0.0000e+00
"
"1","[1]"
"1"," 400"
"1","
"
"1","Epoch 1/1
"
"1","1/1 [==============================]"
"1"," - 0s 376ms/step - loss: 0.6757 - acc: 1.0000
"
"2","Generating Test Set
"
"2","Test sample: 0.46
"
"1","[1]"
"1"," 401"
"1","
"
"1","Epoch 1/1
"
"1","1/1 [==============================]"
"1"," - 0s 376ms/step - loss: 0.6626 - acc: 1.0000
"
"1","[1]"
"1"," 402"
"1","
"
"1","Epoch 1/1
"
"1","1/1 [==============================]"
"1"," - 0s 372ms/step - loss: 0.6494 - acc: 1.0000
"
"1","[1]"
"1"," 403"
"1","
"
"1","Epoch 1/1
"
"1","1/1 [==============================]"
"1"," - 0s 378ms/step - loss: 0.7648 - acc: 0.0000e+00
"
"1","[1]"
"1"," 404"
"1","
"
"1","Epoch 1/1
"
"1","1/1 [==============================]"
"1"," - 0s 362ms/step - loss: 0.7288 - acc: 0.0000e+00
"
"1","[1]"
"1"," 405"
"1","
"
"1","Epoch 1/1
"
"1","1/1 [==============================]"
"1"," - 0s 370ms/step - loss: 0.6787 - acc: 1.0000
"
"1","[1]"
"1"," 406"
"1","
"
"1","Epoch 1/1
"
"1","1/1 [==============================]"
"1"," - 0s 352ms/step - loss: 0.7167 - acc: 0.0000e+00
"
"1","[1]"
"1"," 407"
"1","
"
"1","Epoch 1/1
"
"1","1/1 [==============================]"
"1"," - 0s 376ms/step - loss: 0.7258 - acc: 0.0000e+00
"
"1","[1]"
"1"," 408"
"1","
"
"1","Epoch 1/1
"
"1",""
"1","1/1 [==============================] - 0s 377ms/step - loss: 0.6826 - acc: 1.0000
"
"1","[1]"
"1"," 409"
"1","
"
"1","Epoch 1/1
"
"1","1/1 [==============================]"
"1"," - 0s 373ms/step - loss: 0.7097 - acc: 0.0000e+00
"
"1","[1]"
"1"," 410"
"1","
"
"1","Epoch 1/1
"
"1","1/1 [==============================]"
"1"," - 0s 354ms/step - loss: 0.6760 - acc: 1.0000
"
"1","[1]"
"1"," 411"
"1","
"
"1","Epoch 1/1
"
"1","1/1 [==============================]"
"1"," - 0s 380ms/step - loss: 0.6748 - acc: 1.0000
"
"1","[1]"
"1"," 412"
"1","
"
"1","Epoch 1/1
"
"1","1/1 [==============================]"
"1"," - 0s 385ms/step - loss: 0.6661 - acc: 1.0000
"
"1","[1]"
"1"," 413"
"1","
"
"1","Epoch 1/1
"
"1","1/1 [==============================]"
"1"," - 0s 375ms/step - loss: 0.7210 - acc: 0.0000e+00
"
"1","[1]"
"1"," 414"
"1","
"
"1","Epoch 1/1
"
"1","1/1 [==============================]"
"1"," - 0s 368ms/step - loss: 0.6635 - acc: 1.0000
"
"1","[1]"
"1"," 415"
"1","
"
"2","Error in sample.int(length(x), size, replace, prob) : 
  invalid first argument
"
